{
  "RMSE": 0.3369441922418843,
  "Std": 0.008028022958211305,
  "NCC": 0.32272109534203897,
  "KT": 0.23866481732366823
}