{
  "RMSE": 0.33844574363949215,
  "Std": 0.008060191857910083,
  "NCC": 0.3593276276604592,
  "KT": 0.2567578643951114
}